Plate,State,License Type,Summons Number,Issue Date,Violation Time,Violation,Judgment Entry Date,Fine Amount,Penalty Amount,Interest Amount,Reduction Amount,Payment Amount,Amount Due,Precinct,County,Issuing Agency,Violation Status,Summons Image
1994439,ME,PAS,1438400834,06/05/2018,07:58A,DETACHED TRAILER,,45.00,10.00,0.00,0.00,0.00,55.00,094,K,POLICE DEPARTMENT,HEARING PENDING,View Summons (http://nycserv.nyc.gov/NYCServWeb/ShowImage?searchID=VFZSUmVrOUVVWGROUkdkNlRrRTlQUT09&locationName=_____________________)
GJK1149,NY,PAS,8836261050,09/14/2020,04:34P,CROSSWALK,,115.00,0.00,0.00,0.00,115.00,0.00,046,BX,TRAFFIC,,View Summons (http://nycserv.nyc.gov/NYCServWeb/ShowImage?searchID=VDBSbmVrNXFTVEpOVkVFeFRVRTlQUT09&locationName=_____________________)
HXP4226,NY,PAS,8836261577,09/16/2020,02:45P,REG. STICKER-EXPIRED/MISSING,,65.00,0.00,0.00,0.00,65.00,0.00,043,BX,TRAFFIC,HEARING HELD-GUILTY,View Summons (http://nycserv.nyc.gov/NYCServWeb/ShowImage?searchID=VDBSbmVrNXFTVEpOVkZVelRuYzlQUT09&locationName=_____________________)
1742308,ME,PAS,1438400846,06/05/2018,07:52A,DETACHED TRAILER,,45.00,10.00,0.00,0.00,0.00,55.00,094,K,POLICE DEPARTMENT,HEARING PENDING,View Summons (http://nycserv.nyc.gov/NYCServWeb/ShowImage?searchID=VFZSUmVrOUVVWGROUkdjd1RtYzlQUT09&locationName=_____________________)
RR2L42,PA,PAS,8488549829,02/03/2020,08:46A,NO STANDING-DAY/TIME LIMITS,,115.00,10.00,0.00,0.00,0.00,125.00,108,Q,TRAFFIC,HEARING PENDING,View Summons (http://nycserv.nyc.gov/NYCServWeb/ShowImage?searchID=VDBSUk5FOUVWVEJQVkdkNVQxRTlQUT09&locationName=_____________________)
46886MM,NY,COM,8488549854,02/03/2020,08:59A,NO PARKING-DAY/TIME LIMITS,,60.00,10.00,0.00,0.00,0.00,70.00,108,Q,TRAFFIC,HEARING PENDING,View Summons (http://nycserv.nyc.gov/NYCServWeb/ShowImage?searchID=VDBSUk5FOUVWVEJQVkdjeFRrRTlQUT09&locationName=_____________________)
KVB7578,PA,PAS,8488549891,02/03/2020,10:36A,NO STANDING-DAY/TIME LIMITS,,115.00,0.00,0.00,0.00,0.00,115.00,114,Q,TRAFFIC,HEARING HELD-GUILTY,View Summons (http://nycserv.nyc.gov/NYCServWeb/ShowImage?searchID=VDBSUk5FOUVWVEJQVkdjMVRWRTlQUT09&locationName=_____________________)
JCN1843,NY,PAS,8488549908,02/03/2020,10:37A,NO STANDING-DAY/TIME LIMITS,,115.00,10.00,0.00,0.00,0.00,125.00,114,Q,TRAFFIC,HEARING PENDING,View Summons (http://nycserv.nyc.gov/NYCServWeb/ShowImage?searchID=VDBSUk5FOUVWVEJQVkd0M1QwRTlQUT09&locationName=_____________________)
30599KA,NY,COM,8488550121,09/01/2017,05:15P,FAIL TO DISP. MUNI METER RECPT,01/04/2018,65.00,60.00,44.87,0.00,0.00,169.87,013,NY,TRAFFIC,,View Summons (http://nycserv.nyc.gov/NYCServWeb/ShowImage?searchID=VDBSUk5FOUVWVEZOUkVWNVRWRTlQUT09&locationName=_____________________)
T698300C,NY,OMT,8488550728,09/12/2017,01:47P,NO STANDING-HOTEL LOADING,12/28/2017,115.00,60.00,61.59,0.00,0.00,236.59,014,NY,TRAFFIC,,View Summons (http://nycserv.nyc.gov/NYCServWeb/ShowImage?searchID=VDBSUk5FOUVWVEZOUkdONVQwRTlQUT09&locationName=_____________________)
T672577C,NY,OMT,8488551514,09/19/2017,01:31P,NO PARKING-TAXI STAND,01/11/2018,65.00,60.00,44.68,0.00,0.00,169.68,017,NY,TRAFFIC,,View Summons (http://nycserv.nyc.gov/NYCServWeb/ShowImage?searchID=VDBSUk5FOUVWVEZOVkZWNFRrRTlQUT09&locationName=_____________________)
91769KA,NY,COM,8488551885,09/21/2017,02:22P,DOUBLE PARKING-MIDTOWN COMML,,115.00,0.00,0.00,0.00,0.00,115.00,014,NY,TRAFFIC,HEARING HELD-GUILTY,View Summons (http://nycserv.nyc.gov/NYCServWeb/ShowImage?searchID=VDBSUk5FOUVWVEZOVkdjMFRsRTlQUT09&locationName=_____________________)
AC77860,CT,PAS,8488552920,09/29/2017,02:00P,FAIL TO DSPLY MUNI METER RECPT,01/18/2018,65.00,60.00,45.38,0.00,0.00,170.38,013,NY,TRAFFIC,,View Summons (http://nycserv.nyc.gov/NYCServWeb/ShowImage?searchID=VDBSUk5FOUVWVEZOYW10NVRVRTlQUT09&locationName=_____________________)
XCBF92,NJ,PAS,8488553055,10/02/2017,04:12P,NO STANDING-DAY/TIME LIMITS,01/18/2018,115.00,60.00,60.70,0.00,0.00,235.70,017,NY,TRAFFIC,,View Summons (http://nycserv.nyc.gov/NYCServWeb/ShowImage?searchID=VDBSUk5FOUVWVEZOZWtFeFRsRTlQUT09&locationName=_____________________)
51463MM,NY,COM,8836261851,09/17/2020,04:56P,DOUBLE PARKING,,115.00,0.00,0.00,0.00,115.00,0.00,049,BX,TRAFFIC,,View Summons (http://nycserv.nyc.gov/NYCServWeb/ShowImage?searchID=VDBSbmVrNXFTVEpOVkdjeFRWRTlQUT09&locationName=_____________________)
KEN5460,NY,PAS,8836262375,09/22/2020,12:14P,NO STANDING-EXC. AUTH. VEHICLE,,95.00,0.00,0.00,0.00,95.00,0.00,046,BX,TRAFFIC,,View Summons (http://nycserv.nyc.gov/NYCServWeb/ShowImage?searchID=VDBSbmVrNXFTVEpOYWswelRsRTlQUT09&locationName=_____________________)
KDV4611,NY,PAS,8836262156,09/21/2020,12:22P,NO STANDING-DAY/TIME LIMITS,,115.00,0.00,0.00,0.00,115.00,0.00,052,BX,TRAFFIC,,View Summons (http://nycserv.nyc.gov/NYCServWeb/ShowImage?searchID=VDBSbmVrNXFTVEpOYWtVeFRtYzlQUT09&locationName=_____________________)
GFM1010,NY,PAS,8836261905,09/18/2020,12:27P,DOUBLE PARKING,,115.00,0.00,0.00,0.00,115.00,0.00,045,BX,TRAFFIC,,View Summons (http://nycserv.nyc.gov/NYCServWeb/ShowImage?searchID=VDBSbmVrNXFTVEpOVkd0M1RsRTlQUT09&locationName=_____________________)
U91GLT,NJ,PAS,8788158640,11/12/2020,05:45P,NO STANDING-DAY/TIME LIMITS,,115.00,0.00,0.00,0.00,115.00,0.00,018,NY,TRAFFIC,,View Summons (http://nycserv.nyc.gov/NYCServWeb/ShowImage?searchID=VDBSak5FOUVSVEZQUkZrd1RVRTlQUT09&locationName=_____________________)
T731981C,NY,OMT,8488553560,10/06/2017,03:35P,OBSTRUCTING TRAFFIC/INTERSECT,01/25/2018,115.00,60.00,60.39,0.00,0.00,235.39,017,NY,TRAFFIC,,View Summons (http://nycserv.nyc.gov/NYCServWeb/ShowImage?searchID=VDBSUk5FOUVWVEZOZWxVeVRVRTlQUT09&locationName=_____________________)
JPZ7425,NY,PAS,8836262545,09/22/2020,04:48P,CROSSWALK,,115.00,0.00,0.00,0.00,115.00,0.00,046,BX,TRAFFIC,,View Summons (http://nycserv.nyc.gov/NYCServWeb/ShowImage?searchID=VDBSbmVrNXFTVEpOYWxVd1RsRTlQUT09&locationName=_____________________)
JBK9036,NY,PAS,8836262533,09/22/2020,02:53P,FAIL TO DSPLY MUNI METER RECPT,,35.00,0.00,0.00,0.00,35.00,0.00,046,BX,TRAFFIC,HEARING ADJOURNMENT,View Summons (http://nycserv.nyc.gov/NYCServWeb/ShowImage?searchID=VDBSbmVrNXFTVEpOYWxWNlRYYzlQUT09&locationName=_____________________)
KDF5110,NY,PAS,8836262831,09/24/2020,11:51A,INSP STICKER-MUTILATED/C'FEIT,,65.00,0.00,0.00,0.00,65.00,0.00,046,BX,TRAFFIC,,View Summons (http://nycserv.nyc.gov/NYCServWeb/ShowImage?searchID=VDBSbmVrNXFTVEpOYW1kNlRWRTlQUT09&locationName=_____________________)
DZZ9072,NY,PAS,2004010265,10/28/2021,09:02A,OBSTRUCTING DRIVEWAY,,95.00,0.00,0.00,0.00,95.00,0.00,066,Kings,DEPARTMENT OF SANITATION,HEARING HELD-GUILTY,View Summons (http://nycserv.nyc.gov/NYCServWeb/ShowImage?searchID=VFdwQmQwNUVRWGhOUkVreVRsRTlQUT09&locationName=_____________________)
2824372,ME,PAS,1438400858,06/05/2018,08:01A,DETACHED TRAILER,,45.00,10.00,0.00,0.00,0.00,55.00,094,K,POLICE DEPARTMENT,HEARING PENDING,View Summons (http://nycserv.nyc.gov/NYCServWeb/ShowImage?searchID=VFZSUmVrOUVVWGROUkdjeFQwRTlQUT09&locationName=_____________________)
HJV7825,NY,PAS,8836263331,09/25/2020,04:11P,INSP STICKER-MUTILATED/C'FEIT,,65.00,0.00,0.00,0.00,65.00,0.00,045,BX,TRAFFIC,,View Summons (http://nycserv.nyc.gov/NYCServWeb/ShowImage?searchID=VDBSbmVrNXFTVEpOZWsxNlRWRTlQUT09&locationName=_____________________)
DER4535,NY,PAS,8776509333,03/12/2020,04:01P,FAIL TO DSPLY MUNI METER RECPT,,35.00,0.00,0.00,0.00,35.00,0.00,104,Q,TRAFFIC,,View Summons (http://nycserv.nyc.gov/NYCServWeb/ShowImage?searchID=VDBSak0wNXFWWGRQVkUxNlRYYzlQUT09&locationName=_____________________)
2824678,ME,PAS,1438400860,06/05/2018,08:04A,DETACHED TRAILER,,45.00,10.00,0.00,0.00,0.00,55.00,094,K,POLICE DEPARTMENT,HEARING PENDING,View Summons (http://nycserv.nyc.gov/NYCServWeb/ShowImage?searchID=VFZSUmVrOUVVWGROUkdjeVRVRTlQUT09&locationName=_____________________)
FGL8719,QB,PAS,1438400895,05/05/2018,08:30A,NO STANDING-DAY/TIME LIMITS,,115.00,10.00,0.00,0.00,0.00,125.00,094,K,POLICE DEPARTMENT,HEARING PENDING,View Summons (http://nycserv.nyc.gov/NYCServWeb/ShowImage?searchID=VFZSUmVrOUVVWGROUkdjMVRsRTlQUT09&locationName=_____________________)
638380,NY,PAS,8836263835,09/28/2020,11:35A,FIRE HYDRANT,,115.00,0.00,0.00,0.00,115.00,0.00,052,BX,TRAFFIC,,View Summons (http://nycserv.nyc.gov/NYCServWeb/ShowImage?searchID=VDBSbmVrNXFTVEpOZW1kNlRsRTlQUT09&locationName=_____________________)
TTX42Y,NJ,PAS,8836264323,09/30/2020,11:25A,NO STANDING-BUS STOP,,115.00,0.00,0.00,0.00,115.00,0.00,040,BX,TRAFFIC,,View Summons (http://nycserv.nyc.gov/NYCServWeb/ShowImage?searchID=VDBSbmVrNXFTVEpPUkUxNVRYYzlQUT09&locationName=_____________________)
84079MK,NY,COM,8836264207,09/29/2020,01:28P,FIRE HYDRANT,,115.00,0.00,0.00,0.00,115.00,0.00,048,BX,TRAFFIC,HEARING HELD-GUILTY REDUCTION,View Summons (http://nycserv.nyc.gov/NYCServWeb/ShowImage?searchID=VDBSbmVrNXFTVEpPUkVsM1RuYzlQUT09&locationName=_____________________)
GPW2531,NY,PAS,8836264268,09/29/2020,01:56P,INSP STICKER-MUTILATED/C'FEIT,,65.00,0.00,0.00,0.00,65.00,0.00,048,BX,TRAFFIC,,View Summons (http://nycserv.nyc.gov/NYCServWeb/ShowImage?searchID=VDBSbmVrNXFTVEpPUkVreVQwRTlQUT09&locationName=_____________________)
TY06688,PA,PAS,1438401231,04/22/2018,09:21A,STORAGE-3HR COMMERCIAL,,65.00,10.00,0.00,0.00,0.00,75.00,094,K,POLICE DEPARTMENT,HEARING PENDING,View Summons (http://nycserv.nyc.gov/NYCServWeb/ShowImage?searchID=VFZSUmVrOUVVWGROVkVsNlRWRTlQUT09&locationName=_____________________)
HTV5742,NY,PAS,1438401516,04/21/2018,09:56P,FIRE HYDRANT,,115.00,10.00,0.00,0.00,0.00,125.00,094,K,POLICE DEPARTMENT,HEARING PENDING,View Summons (http://nycserv.nyc.gov/NYCServWeb/ShowImage?searchID=VFZSUmVrOUVVWGROVkZWNFRtYzlQUT09&locationName=_____________________)
7AVAE6,CT,PAS,8488553705,10/09/2017,03:46P,NO STANDING-COMM METER ZONE,01/25/2018,115.00,60.00,60.40,0.00,0.00,235.40,017,NY,TRAFFIC,,View Summons (http://nycserv.nyc.gov/NYCServWeb/ShowImage?searchID=VDBSUk5FOUVWVEZOZW1OM1RsRTlQUT09&locationName=_____________________)
GJP9752,NY,PAS,8488553780,10/10/2017,01:26P,EXPIRED MUNI METER,01/25/2018,65.00,60.00,45.16,0.00,0.00,170.16,013,NY,TRAFFIC,,View Summons (http://nycserv.nyc.gov/NYCServWeb/ShowImage?searchID=VDBSUk5FOUVWVEZOZW1NMFRVRTlQUT09&locationName=_____________________)
M94HMG,NJ,PAS,8488554205,10/12/2017,01:55P,FAIL TO DSPLY MUNI METER RECPT,03/29/2018,65.00,60.00,43.14,0.00,0.00,168.14,013,NY,TRAFFIC,HEARING HELD-GUILTY REDUCTION,View Summons (http://nycserv.nyc.gov/NYCServWeb/ShowImage?searchID=VDBSUk5FOUVWVEZPUkVsM1RsRTlQUT09&locationName=_____________________)
22463MK,NY,COM,8488554333,10/12/2017,05:31P,CROSSWALK,03/01/2018,115.00,60.00,58.92,0.00,0.00,233.92,013,NY,TRAFFIC,,View Summons (http://nycserv.nyc.gov/NYCServWeb/ShowImage?searchID=VDBSUk5FOUVWVEZPUkUxNlRYYzlQUT09&locationName=_____________________)
S72MYB,NJ,PAS,4755561425,11/03/2021,10:25A,PHTO SCHOOL ZN SPEED VIOLATION,,50.00,0.00,0.00,0.00,50.00,0.00,000,BK,DEPARTMENT OF TRANSPORTATION,,View Summons (http://nycserv.nyc.gov/NYCServWeb/ShowImage?searchID=VGtSak1VNVVWVEpOVkZGNVRsRTlQUT09&locationName=_____________________)
JFW7278,NY,PAS,4755561383,11/03/2021,10:24A,PHTO SCHOOL ZN SPEED VIOLATION,,50.00,0.00,0.00,0.00,50.00,0.00,000,BK,DEPARTMENT OF TRANSPORTATION,,View Summons (http://nycserv.nyc.gov/NYCServWeb/ShowImage?searchID=VGtSak1VNVVWVEpOVkUwMFRYYzlQUT09&locationName=_____________________)
KLL4608,NY,PAS,5601013706,09/17/2021,09:01A,NO STANDING-SNOW EMERGENCY,,50.00,0.00,0.00,0.00,50.00,0.00,000,MN,DEPARTMENT OF TRANSPORTATION,,View Summons (http://nycserv.nyc.gov/NYCServWeb/ShowImage?searchID=VGxSWmQwMVVRWGhOZW1OM1RtYzlQUT09&locationName=_____________________)
KLH4781,NY,PAS,5601013718,09/17/2021,09:03A,NO STANDING-SNOW EMERGENCY,,50.00,0.00,0.00,0.00,50.00,0.00,000,MN,DEPARTMENT OF TRANSPORTATION,,View Summons (http://nycserv.nyc.gov/NYCServWeb/ShowImage?searchID=VGxSWmQwMVVRWGhOZW1ONFQwRTlQUT09&locationName=_____________________)
KKF7791,NY,PAS,4018340540,07/22/2021,04:49P,BUS LANE VIOLATION,,50.00,0.00,0.00,0.00,50.00,0.00,000,BK,DEPARTMENT OF TRANSPORTATION,,View Summons (http://nycserv.nyc.gov/NYCServWeb/ShowImage?searchID=VGtSQmVFOUVUVEJOUkZVd1RVRTlQUT09&locationName=_____________________)
1844HY,KY,PAS,4755561462,11/03/2021,10:26A,PHTO SCHOOL ZN SPEED VIOLATION,,50.00,0.00,0.00,0.00,50.00,0.00,000,QN,DEPARTMENT OF TRANSPORTATION,,View Summons (http://nycserv.nyc.gov/NYCServWeb/ShowImage?searchID=VGtSak1VNVVWVEpOVkZFeVRXYzlQUT09&locationName=_____________________)
GPK7470,NY,PAS,4755561474,11/03/2021,10:26A,PHTO SCHOOL ZN SPEED VIOLATION,,50.00,0.00,0.00,0.00,50.00,0.00,000,BK,DEPARTMENT OF TRANSPORTATION,,View Summons (http://nycserv.nyc.gov/NYCServWeb/ShowImage?searchID=VGtSak1VNVVWVEpOVkZFelRrRTlQUT09&locationName=_____________________)
49286KA,NY,COM,8836264578,09/30/2020,04:33P,BIKE LANE,,115.00,0.00,0.00,15.00,100.00,0.00,040,BX,TRAFFIC,HEARING HELD-GUILTY REDUCTION,View Summons (http://nycserv.nyc.gov/NYCServWeb/ShowImage?searchID=VDBSbmVrNXFTVEpPUkZVelQwRTlQUT09&locationName=_____________________)
42740JZ,NY,COM,8836264955,10/02/2020,11:34A,FIRE HYDRANT,,115.00,0.00,0.00,0.00,115.00,0.00,052,BX,TRAFFIC,HEARING HELD-GUILTY REDUCTION,View Summons (http://nycserv.nyc.gov/NYCServWeb/ShowImage?searchID=VDBSbmVrNXFTVEpPUkdzeFRsRTlQUT09&locationName=_____________________)
2EC4169,MD,PAS,8851848191,12/12/2020,06:04A,CROSSWALK,,115.00,0.00,0.00,0.00,115.00,0.00,050,BX,TRAFFIC,,View Summons (http://nycserv.nyc.gov/NYCServWeb/ShowImage?searchID=VDBSbk1VMVVaekJQUkVVMVRWRTlQUT09&locationName=_____________________)
JJJ6703,NY,OMS,8851849493,12/14/2020,02:19P,INSP. STICKER-EXPIRED/MISSING,,65.00,0.00,0.00,0.00,65.00,0.00,052,BX,TRAFFIC,,View Summons (http://nycserv.nyc.gov/NYCServWeb/ShowImage?searchID=VDBSbk1VMVVaekJQVkZFMVRYYzlQUT09&locationName=_____________________)
60137PC,NY,APP,8734125929,10/07/2019,07:35A,NO STOPPING-DAY/TIME LIMITS,,115.00,0.00,0.00,0.00,115.00,0.00,018,NY,TRAFFIC,HEARING HELD-GUILTY,View Summons (http://nycserv.nyc.gov/NYCServWeb/ShowImage?searchID=VDBSamVrNUVSWGxPVkd0NVQxRTlQUT09&locationName=_____________________)
51126JU,NY,COM,8836264876,10/01/2020,04:10P,DOUBLE PARKING,,115.00,0.00,0.00,80.00,35.00,0.00,044,BX,TRAFFIC,HEARING HELD-GUILTY REDUCTION,View Summons (http://nycserv.nyc.gov/NYCServWeb/ShowImage?searchID=VDBSbmVrNXFTVEpPUkdjelRtYzlQUT09&locationName=_____________________)
M47KBG,NJ,PAS,8836264890,10/02/2020,11:09A,FIRE HYDRANT,,115.00,0.00,0.00,0.00,115.00,0.00,052,BX,TRAFFIC,,View Summons (http://nycserv.nyc.gov/NYCServWeb/ShowImage?searchID=VDBSbmVrNXFTVEpPUkdjMVRVRTlQUT09&locationName=_____________________)
KEX4145,NY,PAS,4018340369,07/22/2021,04:44P,BUS LANE VIOLATION,,50.00,0.00,0.00,0.00,50.00,0.00,000,MN,DEPARTMENT OF TRANSPORTATION,,View Summons (http://nycserv.nyc.gov/NYCServWeb/ShowImage?searchID=VGtSQmVFOUVUVEJOUkUweVQxRTlQUT09&locationName=_____________________)
KLE1206,NY,PAS,4018340515,07/22/2021,04:48P,BUS LANE VIOLATION,,50.00,0.00,0.00,0.00,50.00,0.00,000,BX,DEPARTMENT OF TRANSPORTATION,,View Summons (http://nycserv.nyc.gov/NYCServWeb/ShowImage?searchID=VGtSQmVFOUVUVEJOUkZWNFRsRTlQUT09&locationName=_____________________)
GCP7499,NY,PAS,8836265030,10/02/2020,12:44P,NO PARKING-STREET CLEANING,,65.00,0.00,0.00,0.00,65.00,0.00,052,BX,TRAFFIC,,View Summons (http://nycserv.nyc.gov/NYCServWeb/ShowImage?searchID=VDBSbmVrNXFTVEpPVkVGNlRVRTlQUT09&locationName=_____________________)
JSC4899,NY,PAS,5601013858,09/17/2021,09:47A,NO STANDING-SNOW EMERGENCY,,50.00,0.00,0.00,0.00,50.00,0.00,000,MN,DEPARTMENT OF TRANSPORTATION,,View Summons (http://nycserv.nyc.gov/NYCServWeb/ShowImage?searchID=VGxSWmQwMVVRWGhOZW1jeFQwRTlQUT09&locationName=_____________________)
2824372,ME,PAS,1438401577,05/12/2018,01:52A,NO PARKING-STREET CLEANING,,45.00,10.00,0.00,0.00,0.00,55.00,094,K,POLICE DEPARTMENT,HEARING PENDING,View Summons (http://nycserv.nyc.gov/NYCServWeb/ShowImage?searchID=VFZSUmVrOUVVWGROVkZVelRuYzlQUT09&locationName=_____________________)
XEJH16,NJ,PAS,8488554461,10/13/2017,02:48P,EXPIRED MUNI MTR-COMM MTR ZN,02/01/2018,65.00,60.00,43.97,0.00,0.00,168.97,014,NY,TRAFFIC,,View Summons (http://nycserv.nyc.gov/NYCServWeb/ShowImage?searchID=VDBSUk5FOUVWVEZPUkZFeVRWRTlQUT09&locationName=_____________________)
2507629,IN,PAS,8488554758,10/16/2017,05:39P,TRAFFIC LANE,09/19/2019,115.00,60.00,34.60,0.00,0.00,209.60,014,NY,TRAFFIC,HEARING PENDING,View Summons (http://nycserv.nyc.gov/NYCServWeb/ShowImage?searchID=VDBSUk5FOUVWVEZPUkdNeFQwRTlQUT09&locationName=_____________________)
3BW6678,MD,PAS,8488555544,10/23/2017,02:45P,FAIL TO DSPLY MUNI METER RECPT,02/08/2018,65.00,60.00,43.77,0.00,0.00,168.77,013,NY,TRAFFIC,,View Summons (http://nycserv.nyc.gov/NYCServWeb/ShowImage?searchID=VDBSUk5FOUVWVEZPVkZVd1RrRTlQUT09&locationName=_____________________)
NNS379,SC,PAS,8488555969,10/26/2017,01:27P,EXPIRED MUNI METER,02/15/2018,65.00,60.00,44.46,0.00,0.00,169.46,013,NY,TRAFFIC,,View Summons (http://nycserv.nyc.gov/NYCServWeb/ShowImage?searchID=VDBSUk5FOUVWVEZPVkdzeVQxRTlQUT09&locationName=_____________________)
18945TC,NY,TRC,8488556044,10/26/2017,03:06P,DOUBLE PARKING-MIDTOWN COMML,,115.00,0.00,0.00,0.00,0.00,115.00,013,NY,TRAFFIC,HEARING HELD-GUILTY,View Summons (http://nycserv.nyc.gov/NYCServWeb/ShowImage?searchID=VDBSUk5FOUVWVEZPYWtFd1RrRTlQUT09&locationName=_____________________)
KBE6952,PA,PAS,8488556263,10/27/2017,05:02P,NO STANDING-COMM METER ZONE,03/01/2018,115.00,60.00,60.09,0.00,0.00,235.09,017,NY,TRAFFIC,,View Summons (http://nycserv.nyc.gov/NYCServWeb/ShowImage?searchID=VDBSUk5FOUVWVEZPYWtreVRYYzlQUT09&locationName=_____________________)
AD25928,AZ,PAS,8488556299,10/28/2017,01:11P,FAIL TO DSPLY MUNI METER RECPT,03/15/2018,65.00,60.00,43.62,0.00,0.00,168.62,013,NY,TRAFFIC,,View Summons (http://nycserv.nyc.gov/NYCServWeb/ShowImage?searchID=VDBSUk5FOUVWVEZPYWtrMVQxRTlQUT09&locationName=_____________________)
HHV5380,NY,PAS,8488556354,10/28/2017,01:52P,FAIL TO DSPLY MUNI METER RECPT,02/15/2018,65.00,60.00,44.50,0.00,0.00,169.50,013,NY,TRAFFIC,,View Summons (http://nycserv.nyc.gov/NYCServWeb/ShowImage?searchID=VDBSUk5FOUVWVEZPYWsweFRrRTlQUT09&locationName=_____________________)
AX30732,CT,PAS,8836265248,10/05/2020,12:09P,FIRE HYDRANT,,115.00,0.00,0.00,0.00,115.00,0.00,041,BX,TRAFFIC,,View Summons (http://nycserv.nyc.gov/NYCServWeb/ShowImage?searchID=VDBSbmVrNXFTVEpPVkVrd1QwRTlQUT09&locationName=_____________________)
HAY9541,NY,PAS,8776512885,08/14/2020,12:10P,FAIL TO DSPLY MUNI METER RECPT,,35.00,0.00,0.00,0.00,35.00,0.00,112,Q,TRAFFIC,,View Summons (http://nycserv.nyc.gov/NYCServWeb/ShowImage?searchID=VDBSak0wNXFWWGhOYW1jMFRsRTlQUT09&locationName=_____________________)
HHV5380,NY,PAS,8488556366,10/28/2017,01:53P,INSP. STICKER-EXPIRED/MISSING,02/15/2018,65.00,60.00,44.50,0.00,0.00,169.50,013,NY,TRAFFIC,,View Summons (http://nycserv.nyc.gov/NYCServWeb/ShowImage?searchID=VDBSUk5FOUVWVEZPYWsweVRtYzlQUT09&locationName=_____________________)
2DM7601,MD,PAS,4755783653,11/03/2021,08:36P,PHTO SCHOOL ZN SPEED VIOLATION,,50.00,0.00,0.00,0.00,50.00,0.00,000,BK,DEPARTMENT OF TRANSPORTATION,,View Summons (http://nycserv.nyc.gov/NYCServWeb/ShowImage?searchID=VGtSak1VNVVZelJOZWxreFRYYzlQUT09&locationName=_____________________)
JCL3472,NY,PAS,4755561541,11/03/2021,10:28A,PHTO SCHOOL ZN SPEED VIOLATION,,50.00,0.00,0.00,0.00,50.00,0.00,000,QN,DEPARTMENT OF TRANSPORTATION,,View Summons (http://nycserv.nyc.gov/NYCServWeb/ShowImage?searchID=VGtSak1VNVVWVEpOVkZVd1RWRTlQUT09&locationName=_____________________)
TUX21W,NJ,PAS,4017544782,05/26/2021,10:41A,BUS LANE VIOLATION,08/26/2021,50.00,25.00,0.30,0.13,75.17,0.00,000,BK,DEPARTMENT OF TRANSPORTATION,,View Summons (http://nycserv.nyc.gov/NYCServWeb/ShowImage?searchID=VGtSQmVFNTZWVEJPUkdNMFRXYzlQUT09&locationName=_____________________)
LKC8113,PA,PAS,4017545178,05/26/2021,11:13A,BUS LANE VIOLATION,08/26/2021,50.00,25.00,0.36,0.06,75.30,0.00,000,MN,DEPARTMENT OF TRANSPORTATION,,View Summons (http://nycserv.nyc.gov/NYCServWeb/ShowImage?searchID=VGtSQmVFNTZWVEJPVkVVelQwRTlQUT09&locationName=_____________________)
32456MM,NY,COM,5601013846,09/17/2021,09:43A,NO STANDING-SNOW EMERGENCY,,50.00,0.00,0.00,0.00,50.00,0.00,000,MN,DEPARTMENT OF TRANSPORTATION,,View Summons (http://nycserv.nyc.gov/NYCServWeb/ShowImage?searchID=VGxSWmQwMVVRWGhOZW1jd1RtYzlQUT09&locationName=_____________________)
JBH8668,NY,PAS,8776512654,08/13/2020,02:44P,EXPIRED MUNI METER,,35.00,0.00,0.00,35.00,0.00,0.00,103,Q,TRAFFIC,HEARING HELD-NOT GUILTY,View Summons (http://nycserv.nyc.gov/NYCServWeb/ShowImage?searchID=VDBSak0wNXFWWGhOYWxreFRrRTlQUT09&locationName=_____________________)
58905MM,NY,COM,8836265261,10/05/2020,12:24P,CROSSWALK,,115.00,0.00,0.00,15.00,100.00,0.00,041,BX,TRAFFIC,HEARING HELD-GUILTY REDUCTION,View Summons (http://nycserv.nyc.gov/NYCServWeb/ShowImage?searchID=VDBSbmVrNXFTVEpPVkVreVRWRTlQUT09&locationName=_____________________)
KPX5913,NY,PAS,4018340679,07/22/2021,04:54P,BUS LANE VIOLATION,,50.00,0.00,0.00,0.00,50.00,0.00,000,QN,DEPARTMENT OF TRANSPORTATION,,View Summons (http://nycserv.nyc.gov/NYCServWeb/ShowImage?searchID=VGtSQmVFOUVUVEJOUkZrelQxRTlQUT09&locationName=_____________________)
2CN4270,AL,PAS,4018340813,07/17/2021,09:20P,BUS LANE VIOLATION,,50.00,0.00,0.00,0.00,50.00,0.00,000,MN,DEPARTMENT OF TRANSPORTATION,,View Summons (http://nycserv.nyc.gov/NYCServWeb/ShowImage?searchID=VGtSQmVFOUVUVEJOUkdkNFRYYzlQUT09&locationName=_____________________)
E43MPW,NJ,PAS,4018340850,07/18/2021,06:24P,BUS LANE VIOLATION,,50.00,0.00,0.00,0.00,50.00,0.00,000,MN,DEPARTMENT OF TRANSPORTATION,,View Summons (http://nycserv.nyc.gov/NYCServWeb/ShowImage?searchID=VGtSQmVFOUVUVEJOUkdjeFRVRTlQUT09&locationName=_____________________)
HKM7046,NY,PAS,1438401711,06/01/2018,11:28P,NO STANDING-EXC. AUTH. VEHICLE,,95.00,10.00,0.00,0.00,0.00,105.00,094,,POLICE DEPARTMENT,HEARING PENDING,View Summons (http://nycserv.nyc.gov/NYCServWeb/ShowImage?searchID=VFZSUmVrOUVVWGROVkdONFRWRTlQUT09&locationName=_____________________)
V13HWK,NJ,PAS,8488556421,10/28/2017,05:24P,FAIL TO DSPLY MUNI METER RECPT,02/22/2018,65.00,60.00,43.36,0.00,0.00,168.36,013,NY,TRAFFIC,,View Summons (http://nycserv.nyc.gov/NYCServWeb/ShowImage?searchID=VDBSUk5FOUVWVEZPYWxGNVRWRTlQUT09&locationName=_____________________)
20324TC,NY,TRC,8488556512,10/30/2017,03:47P,DOUBLE PARKING-MIDTOWN COMML,,115.00,0.00,0.00,0.00,0.00,115.00,017,NY,TRAFFIC,HEARING HELD-GUILTY,View Summons (http://nycserv.nyc.gov/NYCServWeb/ShowImage?searchID=VDBSUk5FOUVWVEZPYWxWNFRXYzlQUT09&locationName=_____________________)
71923ME,NY,COM,8488556627,11/01/2017,01:33P,DOUBLE PARKING-MIDTOWN COMML,,115.00,0.00,0.00,0.00,0.00,115.00,010,NY,TRAFFIC,HEARING HELD-GUILTY,View Summons (http://nycserv.nyc.gov/NYCServWeb/ShowImage?searchID=VDBSUk5FOUVWVEZPYWxsNVRuYzlQUT09&locationName=_____________________)
20332TC,NY,TRC,8488556925,11/02/2017,02:37P,FAIL TO DISP. MUNI METER RECPT,,65.00,0.00,0.00,0.00,0.00,65.00,013,NY,TRAFFIC,HEARING HELD-GUILTY,View Summons (http://nycserv.nyc.gov/NYCServWeb/ShowImage?searchID=VDBSUk5FOUVWVEZPYW10NVRsRTlQUT09&locationName=_____________________)
99822MB,NY,COM,8488557024,11/03/2017,01:18P,FAIL TO DSPLY MUNI METER RECPT,02/22/2018,65.00,60.00,43.32,0.00,0.00,168.32,013,NY,TRAFFIC,,View Summons (http://nycserv.nyc.gov/NYCServWeb/ShowImage?searchID=VDBSUk5FOUVWVEZPZWtGNVRrRTlQUT09&locationName=_____________________)
99822MB,NY,COM,8488557036,11/03/2017,01:19P,PLTFRM LFTS LWRD POS COMM VEH,02/22/2018,65.00,60.00,43.32,0.00,0.00,168.32,013,NY,TRAFFIC,,View Summons (http://nycserv.nyc.gov/NYCServWeb/ShowImage?searchID=VDBSUk5FOUVWVEZPZWtGNlRtYzlQUT09&locationName=_____________________)
HVN5087,TX,PAS,8488557243,11/06/2017,02:46P,NO STANDING-COMM METER ZONE,02/22/2018,115.00,60.00,60.39,0.00,0.00,235.39,017,NY,TRAFFIC,,View Summons (http://nycserv.nyc.gov/NYCServWeb/ShowImage?searchID=VDBSUk5FOUVWVEZPZWtrd1RYYzlQUT09&locationName=_____________________)
HGD7023,NY,PAS,8488557450,11/08/2017,05:29P,OBSTRUCTING TRAFFIC/INTERSECT,02/22/2018,115.00,60.00,60.39,0.00,0.00,235.39,017,NY,TRAFFIC,,View Summons (http://nycserv.nyc.gov/NYCServWeb/ShowImage?searchID=VDBSUk5FOUVWVEZPZWxFeFRVRTlQUT09&locationName=_____________________)
XCXA31,NJ,PAS,8488557528,11/09/2017,01:13P,NO STANDING-DAY/TIME LIMITS,03/15/2018,115.00,60.00,58.29,0.00,0.00,233.29,017,NY,TRAFFIC,,View Summons (http://nycserv.nyc.gov/NYCServWeb/ShowImage?searchID=VDBSUk5FOUVWVEZPZWxWNVQwRTlQUT09&locationName=_____________________)
589AA1,NY,MOT,4755783859,11/03/2021,08:42P,PHTO SCHOOL ZN SPEED VIOLATION,,50.00,0.00,0.00,0.00,50.00,0.00,000,QN,DEPARTMENT OF TRANSPORTATION,,View Summons (http://nycserv.nyc.gov/NYCServWeb/ShowImage?searchID=VGtSak1VNVVZelJOZW1jeFQxRTlQUT09&locationName=_____________________)
AL50214,AZ,PAS,4755783938,11/03/2021,08:44P,PHTO SCHOOL ZN SPEED VIOLATION,,50.00,0.00,0.00,0.00,50.00,0.00,000,BX,DEPARTMENT OF TRANSPORTATION,,View Summons (http://nycserv.nyc.gov/NYCServWeb/ShowImage?searchID=VGtSak1VNVVZelJOZW10NlQwRTlQUT09&locationName=_____________________)
T750180C,NY,OMT,4018340862,07/18/2021,07:13P,BUS LANE VIOLATION,,100.00,25.00,0.00,25.00,100.00,0.00,000,MN,DEPARTMENT OF TRANSPORTATION,,View Summons (http://nycserv.nyc.gov/NYCServWeb/ShowImage?searchID=VGtSQmVFOUVUVEJOUkdjeVRXYzlQUT09&locationName=_____________________)
T794224C,NY,OMT,4017545452,05/26/2021,11:29A,BUS LANE VIOLATION,08/26/2021,50.00,25.00,0.36,0.06,75.30,0.00,000,BK,DEPARTMENT OF TRANSPORTATION,,View Summons (http://nycserv.nyc.gov/NYCServWeb/ShowImage?searchID=VGtSQmVFNTZWVEJPVkZFeFRXYzlQUT09&locationName=_____________________)
31843MD,NY,COM,4018341015,07/21/2021,01:05P,BUS LANE VIOLATION,,250.00,0.00,0.00,0.00,250.00,0.00,000,MN,DEPARTMENT OF TRANSPORTATION,HEARING HELD-GUILTY REDUCTION,View Summons (http://nycserv.nyc.gov/NYCServWeb/ShowImage?searchID=VGtSQmVFOUVUVEJOVkVGNFRsRTlQUT09&locationName=_____________________)
3U40X0,TN,PAS,4018341090,07/21/2021,02:25P,BUS LANE VIOLATION,,100.00,0.00,0.00,0.00,100.00,0.00,000,BK,DEPARTMENT OF TRANSPORTATION,,View Summons (http://nycserv.nyc.gov/NYCServWeb/ShowImage?searchID=VGtSQmVFOUVUVEJOVkVFMVRVRTlQUT09&locationName=_____________________)
JPY6971,NY,PAS,5601014218,09/17/2021,02:00P,NO STANDING-SNOW EMERGENCY,,50.00,0.00,0.00,0.00,50.00,0.00,000,MN,DEPARTMENT OF TRANSPORTATION,,View Summons (http://nycserv.nyc.gov/NYCServWeb/ShowImage?searchID=VGxSWmQwMVVRWGhPUkVsNFQwRTlQUT09&locationName=_____________________)
T720744C,NY,PAS,1473287250,03/20/2021,12:48P,NO STANDING-EXC. AUTH. VEHICLE,,95.00,0.00,0.00,95.00,0.00,0.00,014,,POLICE DEPARTMENT,HEARING HELD-NOT GUILTY,View Summons (http://nycserv.nyc.gov/NYCServWeb/ShowImage?searchID=VFZSUk0wMTZTVFJPZWtreFRVRTlQUT09&locationName=_____________________)
JKN9005,NY,PAS,8836265790,10/07/2020,01:25P,DOUBLE PARKING,,115.00,0.00,0.00,0.00,115.00,0.00,047,BX,TRAFFIC,,View Summons (http://nycserv.nyc.gov/NYCServWeb/ShowImage?searchID=VDBSbmVrNXFTVEpPVkdNMVRVRTlQUT09&locationName=_____________________)
53209PC,NY,APP,8713792866,08/26/2020,02:30P,NO PARKING-DAY/TIME LIMITS,,65.00,0.00,0.00,65.00,0.00,0.00,005,NY,TRAFFIC,HEARING HELD-NOT GUILTY,View Summons (http://nycserv.nyc.gov/NYCServWeb/ShowImage?searchID=VDBSamVFMTZZelZOYW1jeVRtYzlQUT09&locationName=_____________________)
